"Domain Name","Registrar","Expiration Date","Auto-Renew","Hosting Provider","DNS Managed By","Status","Connected Services","SSL Status","Notes","Last Updated"
"Aether.OmniversalMedia.net","Unknown","","","","","","","","",""
"BeneathTheSurface.VIP","Dynadot","","","","","","","","",""
"Blueprints.OmniversalMedia.net","Unknown","","","","","","","","",""
"CradleOfLyra.com","Whois","","","","","","","","",""
"CradleOfLyra.net","Dreamhost","","","","","","","","",""
"CradleOfLyra.online","Dreamhost","","","","","","","","",""
"CryptoSecurity.space","Whois","","","","","","","","",""
"CryptoSpaceFinance.com","Whois","","","","","","","","",""
"CryptoSpaceFinance.info","Whois","","","","","","","","",""
"CryptoSpaceFinance.org","Whois","","","","","","","","",""
"GuitarGuru.click","Dreamhost","","","","","","","","",""
"GuitarGuru.io","Dreamhost","","","","","","","","",""
"HawkEyeTheRapper.Live","Wordpress.com","","","","","","","","",""
"HawkEyeTheRapper.app","Dreamhost","","","","","","","","",""
"HawkEyeTheRapper.blog","Dreamhost","","","","","","","","",""
"HawkEyeTheRapper.com","Wordpress.com","","","","","","","","",""
"HawkEyeTheRapper.net","Dreamhost","","","","","","","","",""
"HawkEyeTheRapper.store","Wordpress.com","","","","","","","","",""
"LyranWars.com","Unknown","","","","","","","","",""
"My.Omniversal.Team","Unknown","","","","","","","","",""
"Omniversal.Cloud","Whois","","","","","","","","",""
"Omniversal.Media","Wordpress.com","","","","","","","","",""
"Omniversal.News","Unknown","","","","","","","","",""
"Omniversal.Team","Dreamhost","","","","","","","","",""
"OmniversalCreations.Art","Enom","","","","","","","","",""
"OmniversalCreations.Wordpress.com","Unknown","","","","","","","","",""
"OmniversalCreationsGeneral.Wordpress.com","Unknown","","","","","","","","",""
"OmniversalDotMedia.Wordpress.com","Unknown","","","","","","","","",""
"OmniversalLeather.app","Unknown","","","","","","","","",""
"OmniversalLeather.blog","Unknown","","","","","","","","",""
"OmniversalLeather.com","Unknown","","","","","","","","",""
"OmniversalLeather.net","Unknown","","","","","","","","",""
"OmniversalMedia.App","Dreamhost","","","","","","","","",""
"OmniversalMedia.Art","Dreamhost","","","","","","","","",""
"OmniversalMedia.Cloud","Dreamhost","","","","","","","","",""
"OmniversalMedia.Design","Dreamhost","","","","","","","","",""
"OmniversalMedia.Live","Dreamhost","","","","","","","","",""
"OmniversalMedia.Me","Dreamhost","","","","","","","","",""
"OmniversalMedia.Shop","Whois","","","","","","","","",""
"OmniversalMedia.Site","Dreamhost","","","","","","","","",""
"OmniversalMedia.Us","Dreamhost","","","","","","","","",""
"OmniversalMedia.VIP","Dynadot","","","","","","","","",""
"OmniversalMedia.blog","Dreamhost","","","","","","","","",""
"OmniversalMedia.cc","Unknown","","","","","","","","",""
"OmniversalMedia.co","Dreamhost","","","","","","","","",""
"OmniversalMedia.com","Dreamhost","","","","","","","","",""
"OmniversalMedia.net","Dreamhost","","","","","","","","",""
"OmniversalMedia.online","Dreamhost","","","","","","","","",""
"OmniversalMedia.org","Unknown","","","","","","","","",""
"OmniversalMedia.xyz","Dreamhost","","","","","","","","",""
"OmniversalMediaGroup.Blog","Dreamhost","","","","","","","","",""
"OmniversalMediaGroup.Wordpress.com","Unknown","","","","","","","","",""
"OmniversalMediaGroup.co","Dreamhost","","","","","","","","",""
"OmniversalMediaGroup.com","Whois","","","","","","","","",""
"OmniversalMediaLLC.com","Siteground","","","","","","","","",""
"OmniversalMediaSolutions.com","Dreamhost","","","","","","","","",""
"OmniversalNetwork.art","Dreamhost","","","","","","","","",""
"OmniversalNews.network","Whois","","","","","","","","",""
"OmniversalOperations.Wordpress.com","Unknown","","","","","","","","",""
"PalmerHVAC.net","Siteground","","","","","","","","",""
"Reincarnated.Store","Dreamhost","","","","","","","","",""
"Reincarnated2Resist.blog","Wordpress.com","","","","","","","","",""
"Reincarnated2Resist.com","Whois","","","","","","","","",""
"ReturnOfTheBirdTribes.com","Unknown","","","","","","","","",""
"ReverseThisCurse.com","Siteground","","","","","","","","",""
"Site.HawkEyeIsBack.Wordpress.com","Unknown","","","","","","","","",""
"Site.ImpossibleProgramming01.Wordpress.com","Unknown","","","","","","","","",""
"TheGoverningConspiracy.com","Unknown","","","","","","","","",""
"TheWordsmithBird.com","Dynadot","","","","","","","","",""
